{"initial_reset_timestamp": 1656240100.5586205, "timestamps": [1656240105.608242], "episode_lengths": [97], "episode_rewards": [48.6305732402305], "episode_types": ["t"]}