{"initial_reset_timestamp": 1656277761.0234494, "timestamps": [1656277801.7982657], "episode_lengths": [1000], "episode_rewards": [4429.04840847049], "episode_types": ["t"]}